entry_date,entry,mode,dir,exit_date,exit,pnl_usd,return_pct,bars_held,tp1,reason,asset
2019-12-22 20:00:00,7507.4411519999985,TREND,LONG,2019-12-24 04:00:00,7259.108064,-29.7704,-3.3078,8,False,risk_cap,BTC
2019-12-29 16:00:00,7479.028439999999,TREND,LONG,2019-12-30 12:00:00,7256.270336,-26.0079,-2.9784,5,False,ema_exit,BTC
2020-01-05 00:00:00,7481.970791999999,TREND,LONG,2020-01-09 08:00:00,7871.8867557518415,52.3501,6.1603,26,True,be_stop,BTC
2020-01-14 00:00:00,8468.609472,STRONG_BULL_TREND,LONG,2020-01-19 08:00:00,8653.562213272975,36.4603,3.8511,32,True,be_stop,BTC
2020-01-27 12:00:00,8786.693736,STRONG_BULL_TREND,LONG,2020-02-17 12:00:00,9486.021453597139,78.0052,7.9485,126,True,be_stop,BTC
2020-04-02 16:00:00,6797.8074,SHORT_RIP,SHORT,2020-04-06 08:00:00,7118.710047968113,-31.4691,-4.7207,22,False,rip_stop,BTC
2020-04-18 12:00:00,7249.164695999999,STRONG_BULL_TREND,LONG,2020-04-20 08:00:00,6960.9767600000005,-40.772,-3.9755,11,False,ema_exit,BTC
2020-04-23 12:00:00,7536.12408,STRONG_BULL_TREND,LONG,2020-05-10 00:00:00,8406.956846977713,100.5039,10.1842,99,True,be_stop,BTC
2020-05-28 12:00:00,9507.409848,STRONG_BULL_TREND,LONG,2020-06-02 12:00:00,9461.234951999999,23.2462,2.1478,30,True,be_stop,BTC
2020-06-22 16:00:00,9571.120775999998,TREND,LONG,2020-06-24 08:00:00,9323.854943999999,-27.0305,-2.5835,10,False,risk_cap,BTC
2020-07-06 12:00:00,9312.464016,TREND,LONG,2020-07-09 12:00:00,9201.213136,-12.2088,-1.1946,18,False,ema_exit,BTC
2020-07-22 20:00:00,9525.774528,TREND,LONG,2020-07-26 08:00:00,9748.311871454536,23.618,2.3362,21,False,risk_cap,BTC
2020-07-27 00:00:00,10257.039072,STRONG_BULL_TREND,LONG,2020-08-02 04:00:00,10586.955294430709,55.6173,5.1045,37,True,be_stop,BTC
2020-08-10 00:00:00,12019.00752,STRONG_BULL_TREND,LONG,2020-08-11 16:00:00,11300.186440351683,-68.3245,-5.9807,10,False,risk_cap,BTC
2020-08-17 12:00:00,12431.487239999999,STRONG_BULL_TREND,LONG,2020-08-19 04:00:00,11732.401017894128,-60.5937,-5.6235,10,False,risk_cap,BTC
2020-09-01 04:00:00,11933.278992,STRONG_BULL_TREND,LONG,2020-09-02 08:00:00,11318.76276641599,-52.523,-5.1496,7,False,risk_cap,BTC
2020-09-15 12:00:00,10775.832432,SHORT_RIP,SHORT,2020-09-16 16:00:00,11082.640736633586,-26.1654,-2.8472,7,False,rip_stop,BTC
2020-10-09 08:00:00,11059.270343999999,TREND,LONG,2020-10-10 00:00:00,11043.60799335664,-1.2681,-0.1416,4,False,risk_cap,BTC
2020-10-12 12:00:00,11558.619503999998,STRONG_BULL_TREND,LONG,2020-12-09 00:00:00,18111.498453884396,390.6938,41.3877,345,True,be_stop,BTC
2020-12-13 08:00:00,19332.263447999998,STRONG_BULL_TREND,LONG,2021-01-20 08:00:00,34398.629064,748.3967,56.9061,228,True,be_stop,BTC
2021-01-29 08:00:00,37054.940255999994,STRONG_BULL_TREND,LONG,2021-01-31 16:00:00,32269.603990908257,-165.2567,-12.9142,14,False,risk_cap,BTC
2021-02-06 00:00:00,39416.247791999995,STRONG_BULL_TREND,LONG,2021-02-23 08:00:00,45100.4699764457,186.5184,15.7999,104,True,be_stop,BTC
2021-03-03 08:00:00,51707.663064,STRONG_BULL_TREND,LONG,2021-03-16 00:00:00,53540.479276019265,82.591,6.3905,76,True,be_stop,BTC
2021-03-29 08:00:00,57900.603456,STRONG_BULL_TREND,LONG,2021-04-18 00:00:00,54970.448432,-22.8147,-1.0737,118,True,be_stop,BTC
2021-05-01 00:00:00,58225.212935999996,TREND,LONG,2021-05-04 00:00:00,54560.03901967765,-125.4191,-6.2948,18,False,risk_cap,BTC
2021-07-23 20:00:00,33660.99727199999,TREND,LONG,2021-07-26 00:00:00,36583.73920828262,163.198,8.6829,13,False,risk_cap,BTC
2021-07-28 08:00:00,40783.44067199999,STRONG_BULL_TREND,LONG,2021-08-04 08:00:00,37690.23010130902,-102.4621,-7.5845,42,False,risk_cap,BTC
2021-08-06 12:00:00,42233.739984,STRONG_BULL_TREND,LONG,2021-09-07 12:00:00,45403.54562292666,167.2191,8.1904,192,True,be_stop,BTC
2021-09-15 08:00:00,47598.788592,TREND,LONG,2021-09-19 08:00:00,47289.867816000005,-13.5299,-0.649,24,False,ema_exit,BTC
2021-10-01 08:00:00,47526.070464,TREND,LONG,2021-10-06 12:00:00,51353.49919115615,171.4441,8.2722,31,True,be_stop,BTC
2021-10-11 12:00:00,57536.172144,STRONG_BULL_TREND,LONG,2021-10-24 08:00:00,60153.051484947384,148.256,6.3073,77,True,be_stop,BTC
2021-11-02 12:00:00,64069.944983999994,STRONG_BULL_TREND,LONG,2021-11-06 08:00:00,60279.208024,-147.4038,-5.9166,23,False,risk_cap,BTC
2021-11-08 00:00:00,65252.14999199999,STRONG_BULL_TREND,LONG,2021-11-16 00:00:00,60858.684072000004,-158.3174,-6.7331,48,False,risk_cap,BTC
2022-02-04 16:00:00,40760.492328,TREND,LONG,2022-02-11 16:00:00,42128.839298183,104.1252,4.9938,42,True,be_stop,BTC
2022-02-28 20:00:00,43194.528,TREND,LONG,2022-03-04 00:00:00,41416.780048,-59.782,-4.1157,19,False,risk_cap,BTC
2022-03-09 08:00:00,42185.381328,TREND,LONG,2022-03-10 04:00:00,39207.50888,-150.0049,-7.059,5,False,ema_exit,BTC
2022-03-18 16:00:00,42076.354176,TREND,LONG,2022-03-27 20:00:00,44805.04846592808,124.6138,6.262,55,True,be_stop,BTC
2022-03-28 00:00:00,47087.03952,STRONG_BULL_TREND,LONG,2022-04-01 00:00:00,44487.70420711248,-122.492,-5.5203,24,False,risk_cap,BTC
2022-04-21 08:00:00,42473.952,TREND,LONG,2022-04-21 20:00:00,40377.395135636245,-98.323,-4.9361,3,False,risk_cap,BTC
2022-05-30 12:00:00,30609.572736000002,SHORT_RIP,SHORT,2022-05-30 20:00:00,31759.607376,-71.5138,-3.7571,2,False,rip_stop,BTC
2022-05-31 16:00:00,31600.409431999997,SHORT_RIP,SHORT,2022-06-01 16:00:00,30572.30586580043,59.833,3.2535,6,False,rip_target,BTC
2022-07-18 04:00:00,22263.726744,TREND,LONG,2022-07-23 08:00:00,22209.747976,-4.5894,-0.2425,31,False,risk_cap,BTC
2022-07-28 00:00:00,23151.956759999997,TREND,LONG,2022-08-01 08:00:00,23011.581342990226,-11.4521,-0.6063,26,False,risk_cap,BTC
2022-08-08 04:00:00,23826.726143999997,STRONG_BULL_TREND,LONG,2022-08-18 16:00:00,23326.204096,-41.6529,-2.1007,63,False,risk_cap,BTC
2022-09-09 12:00:00,21283.803432,TREND,LONG,2022-09-13 12:00:00,20813.106184,-40.714,-2.2115,24,False,risk_cap,BTC
2022-10-04 20:00:00,20354.090256,TREND,LONG,2022-10-07 12:00:00,19561.98788,-70.2182,-3.8916,16,False,ema_exit,BTC
2022-10-14 00:00:00,19832.703479999996,TREND,LONG,2022-10-14 12:00:00,19343.103128,-42.9829,-2.4687,3,False,ema_exit,BTC
2022-10-23 20:00:00,19586.05632,TREND,LONG,2022-10-28 08:00:00,20047.31663777049,57.3079,3.3662,27,True,be_stop,BTC
2022-12-14 12:00:00,18076.279464,TREND,LONG,2022-12-14 20:00:00,17661.975157528905,-40.2023,-2.292,2,False,risk_cap,BTC
2023-01-08 20:00:00,17141.532264,TREND,LONG,2023-01-12 16:00:00,18180.259825203033,91.7904,5.3433,23,True,be_stop,BTC
2023-01-13 12:00:00,19276.598951999997,STRONG_BULL_TREND,LONG,2023-02-05 16:00:00,22829.133487729396,294.0716,15.4734,139,True,be_stop,BTC
2023-02-15 08:00:00,22463.086103999998,STRONG_BULL_TREND,LONG,2023-02-24 16:00:00,22906.97510029401,75.6228,3.4692,56,True,be_stop,BTC
2023-03-13 12:00:00,24000.905376,TREND,LONG,2023-03-27 12:00:00,26882.097103999997,177.7102,12.4961,84,True,be_stop,BTC
2023-03-29 08:00:00,28376.673192,STRONG_BULL_TREND,LONG,2023-04-09 04:00:00,27880.697584,-42.3068,-1.7478,65,False,risk_cap,BTC
2023-04-10 16:00:00,29196.398448,STRONG_BULL_TREND,LONG,2023-04-17 08:00:00,29512.48219259046,56.4504,2.3715,40,True,be_stop,BTC
2023-04-26 08:00:00,28975.481856,TREND,LONG,2023-04-26 16:00:00,27861.932608,-88.6161,-3.8431,2,False,risk_cap,BTC
2023-05-28 20:00:00,28087.451999999997,TREND,LONG,2023-05-31 04:00:00,27146.165680000002,-74.603,-3.3513,14,False,risk_cap,BTC
2023-06-20 16:00:00,28005.156216,TREND,LONG,2023-06-26 00:00:00,29956.653666854956,155.8177,7.2172,32,True,be_stop,BTC
2023-07-13 16:00:00,31631.294807999995,STRONG_BULL_TREND,LONG,2023-07-14 16:00:00,30088.84147098962,-118.346,-4.8764,6,False,risk_cap,BTC
2023-08-29 16:00:00,27853.595064,TREND,LONG,2023-08-31 12:00:00,26827.23394973221,-80.7973,-3.6848,11,False,risk_cap,BTC
2023-09-14 12:00:00,26715.325176,TREND,LONG,2023-09-21 12:00:00,26412.743037782602,-24.0112,-1.1326,42,False,risk_cap,BTC
2023-09-28 16:00:00,27121.679999999997,TREND,LONG,2023-10-01 20:00:00,27179.390125450092,4.4649,0.2128,19,False,risk_cap,BTC
2023-10-02 00:00:00,28149.041232,STRONG_BULL_TREND,LONG,2023-10-09 16:00:00,27260.287659431804,-70.0666,-3.1573,46,False,risk_cap,BTC
2023-10-16 04:00:00,27871.339248,STRONG_BULL_TREND,LONG,2023-10-16 12:00:00,27976.874970168246,8.151,0.3787,2,False,risk_cap,BTC
2023-10-23 00:00:00,30761.279351999998,STRONG_BULL_TREND,LONG,2023-11-14 16:00:00,35112.64023739368,273.7431,12.6712,136,True,be_stop,BTC
2023-11-15 20:00:00,37888.48655999999,STRONG_BULL_TREND,LONG,2023-11-16 16:00:00,35680.69243490261,-141.0398,-5.8271,5,False,risk_cap,BTC
2023-11-24 12:00:00,38251.686888,STRONG_BULL_TREND,LONG,2023-11-27 08:00:00,36951.26287227036,-77.7307,-3.3997,17,False,risk_cap,BTC
2023-12-01 08:00:00,38611.034135999995,STRONG_BULL_TREND,LONG,2023-12-11 00:00:00,41142.62486959842,133.7517,6.045,58,True,be_stop,BTC
2023-12-20 12:00:00,44062.42175999999,STRONG_BULL_TREND,LONG,2023-12-26 08:00:00,42345.561909094766,-91.1628,-3.8964,35,False,risk_cap,BTC
2024-01-01 20:00:00,44214.89364,STRONG_BULL_TREND,LONG,2024-01-03 12:00:00,41170.92148526694,-155.1109,-6.8845,10,False,risk_cap,BTC
2024-01-08 16:00:00,47016.93347999999,STRONG_BULL_TREND,LONG,2024-01-12 20:00:00,42659.28759388756,-195.1606,-9.2682,25,False,risk_cap,BTC
2024-01-28 04:00:00,42422.731056,TREND,LONG,2024-02-01 00:00:00,41982.03748,-18.8983,-1.0388,23,False,ema_exit,BTC
2024-02-08 12:00:00,45468.64584,TREND,LONG,2024-02-21 08:00:00,50924.757575999996,181.6391,10.0787,77,True,ema_exit,BTC
2024-02-26 12:00:00,52884.59385599999,STRONG_BULL_TREND,LONG,2024-03-19 04:00:00,63962.9822693541,345.0261,16.6286,130,True,be_stop,BTC
2024-03-25 12:00:00,69847.88364,STRONG_BULL_TREND,LONG,2024-04-02 08:00:00,65570.191848,-147.1464,-6.1243,47,False,risk_cap,BTC
2024-04-08 04:00:00,70755.188904,TREND,LONG,2024-04-09 12:00:00,68652.14503065948,-63.7192,-2.9723,8,False,risk_cap,BTC
2024-05-17 12:00:00,67248.85608,STRONG_BULL_TREND,LONG,2024-05-23 12:00:00,68021.5392,61.5793,2.7961,36,True,be_stop,BTC
2024-06-03 12:00:00,69670.972224,STRONG_BULL_TREND,LONG,2024-06-10 04:00:00,69206.27510988129,-15.0796,-0.667,40,False,risk_cap,BTC
2024-07-15 00:00:00,62697.988295999996,TREND,LONG,2024-07-24 20:00:00,65215.301316991194,100.3883,4.7169,59,True,be_stop,BTC
2024-07-27 12:00:00,68899.07519999999,STRONG_BULL_TREND,LONG,2024-07-31 16:00:00,65204.624536,-125.5748,-5.3621,25,False,risk_cap,BTC
2024-09-19 00:00:00,62167.684391999996,TREND,LONG,2024-09-30 00:00:00,64325.21462800624,85.6802,4.0691,66,True,be_stop,BTC
2024-10-07 00:00:00,63581.334407999995,STRONG_BULL_TREND,LONG,2024-10-09 16:00:00,60858.28220819655,-98.6749,-4.2828,16,False,risk_cap,BTC
2024-10-14 00:00:00,64351.42999199999,STRONG_BULL_TREND,LONG,2024-10-23 16:00:00,65266.83849185103,62.2946,2.8184,58,True,be_stop,BTC
2024-10-28 16:00:00,69685.68398399999,STRONG_BULL_TREND,LONG,2024-10-31 12:00:00,70563.504,57.4015,2.5293,17,True,be_stop,BTC
2024-11-06 00:00:00,74408.00882399999,STRONG_BULL_TREND,LONG,2024-12-05 20:00:00,90831.86433508352,403.3823,17.3576,179,True,be_stop,BTC
2024-12-15 20:00:00,104547.561192,STRONG_BULL_TREND,LONG,2024-12-19 00:00:00,98742.89032358922,-150.3071,-5.5522,19,False,risk_cap,BTC
2025-01-03 16:00:00,98670.88360799999,TREND,LONG,2025-01-07 12:00:00,97873.898192,-19.6229,-0.8077,23,False,risk_cap,BTC
2025-01-14 08:00:00,96625.27843199999,TREND,LONG,2025-01-19 20:00:00,99617.80107479818,102.115,4.2341,33,True,be_stop,BTC
2025-01-20 04:00:00,107206.34651999999,STRONG_BULL_TREND,LONG,2025-01-27 00:00:00,101314.52348799999,-91.7302,-5.4958,41,False,risk_cap,BTC
2025-03-24 12:00:00,88420.69000799999,TREND,LONG,2025-03-28 04:00:00,85144.819608,-89.6985,-3.7049,22,False,ema_exit,BTC
2025-04-02 12:00:00,86827.07613599999,TREND,LONG,2025-04-02 20:00:00,82450.27696799999,-117.9739,-5.0408,2,False,risk_cap,BTC
2025-04-21 12:00:00,88115.23584,TREND,LONG,2025-05-04 16:00:00,95217.6776032638,166.3514,7.4457,79,True,be_stop,BTC
2025-05-08 00:00:00,99232.11223199998,STRONG_BULL_TREND,LONG,2025-05-12 16:00:00,100684.48067438291,64.1373,2.5488,28,True,be_stop,BTC
2025-05-18 12:00:00,105602.4144,STRONG_BULL_TREND,LONG,2025-05-30 00:00:00,104668.99097708659,-22.7807,-0.8839,69,False,risk_cap,BTC
2025-06-09 16:00:00,108651.571776,STRONG_BULL_TREND,LONG,2025-06-13 00:00:00,104193.798224,-104.8531,-4.1028,20,False,risk_cap,BTC
2025-07-02 16:00:00,109763.880912,STRONG_BULL_TREND,LONG,2025-07-20 20:00:00,117133.91821043708,150.5298,6.129,109,True,be_stop,BTC
2025-08-07 08:00:00,116612.74562399999,STRONG_BULL_TREND,LONG,2025-08-14 12:00:00,118162.6442,56.8292,2.1866,43,True,be_stop,BTC
2025-09-12 16:00:00,116725.81600799998,TREND,LONG,2025-09-19 16:00:00,115033.01990399999,-36.4499,-1.4502,42,False,ema_exit,BTC
2025-09-29 16:00:00,114356.96243999999,TREND,LONG,2025-10-07 12:00:00,121362.6411124639,136.7507,5.5128,47,True,be_stop,BTC
2025-10-26 20:00:00,114651.04751999998,TREND,LONG,2025-10-28 20:00:00,112122.0300407679,-57.4325,-2.2058,12,False,risk_cap,BTC
2026-01-04 00:00:00,91309.76942399998,TREND,LONG,2026-01-06 16:00:00,91259.09336276712,-1.4163,-0.0555,16,False,risk_cap,BTC
2026-01-13 16:00:00,94302.22147199999,STRONG_BULL_TREND,LONG,2026-01-18 20:00:00,93598.20148799999,-20.1003,-0.7466,31,False,risk_cap,BTC
2026-03-13 08:00:00,72286.603056,TREND,LONG,2026-03-18 12:00:00,71410.64574400001,-30.6897,-1.2118,31,False,risk_cap,BTC
2026-04-06 08:00:00,69670.601928,TREND,LONG,2026-04-07 20:00:00,68983.72102341022,-24.6966,-0.9859,9,False,risk_cap,BTC
2026-04-13 20:00:00,74477.52439199999,TREND,LONG,2026-04-19 04:00:00,75187.89889434104,23.6808,0.9538,32,False,risk_cap,BTC
2026-04-22 12:00:00,79336.31831999999,STRONG_BULL_TREND,LONG,2026-04-27 16:00:00,76453.56138512652,-96.0424,-3.6336,31,False,risk_cap,BTC
2026-05-04 00:00:00,80380.563048,STRONG_BULL_TREND,LONG,2026-05-16 04:00:00,78249.36660531172,-67.6617,-2.6514,73,False,risk_cap,BTC
2026-06-15 16:00:00,66561.05852,SHORT_RIP,SHORT,2026-06-17 08:00:00,65201.221196335995,48.1479,2.043,10,False,rip_target,BTC
2026-07-06 20:00:00,64093.253615999995,TREND,LONG,2026-07-08 08:00:00,62250.150008,-69.0177,-2.8757,9,False,ema_exit,BTC
2026-07-15 12:00:00,65479.952088,TREND,LONG,2026-07-17 00:00:00,63519.144,-70.0103,-2.9945,9,False,ema_exit,BTC
2026-07-21 12:00:00,66729.88123199999,TREND,LONG,2026-07-23 12:00:00,64906.393312,-62.166,-2.7326,12,False,ema_exit,BTC
2026-08-17 16:00:00,64361.40796799999,TREND,LONG,2026-08-19 12:00:00,66934.60173728752,88.7161,3.998,11,False,risk_cap,BTC
2026-08-20 08:00:00,71984.611656,STRONG_BULL_TREND,LONG,2026-08-24 20:00:00,78637.030008,218.0048,8.9841,27,True,end_of_test,BTC
2020-03-06 04:00:00,235.708416,STRONG_BULL_TREND,LONG,2020-03-08 12:00:00,214.2812678277227,-86.3601,-9.0905,14,False,risk_cap,ETH
2020-03-20 12:00:00,142.68576000000002,SHORT_RIP,SHORT,2020-03-20 20:00:00,126.32759533120029,62.8464,11.4645,2,False,rip_target,ETH
2020-04-16 08:00:00,170.14600799999997,STRONG_BULL_TREND,LONG,2020-05-04 04:00:00,196.167174083107,135.417,14.5977,107,True,be_stop,ETH
2020-05-17 12:00:00,208.937016,STRONG_BULL_TREND,LONG,2020-05-21 16:00:00,192.17468831465504,-84.7441,-8.0227,25,False,risk_cap,ETH
2020-05-28 12:00:00,214.43140799999998,STRONG_BULL_TREND,LONG,2020-06-11 16:00:00,229.05718687501997,72.4425,7.4239,85,True,be_stop,ETH
2020-06-22 12:00:00,241.683192,STRONG_BULL_TREND,LONG,2020-06-26 04:00:00,229.01664,-54.7483,-5.241,22,False,ema_exit,ETH
2020-07-06 20:00:00,241.79327999999998,TREND,LONG,2020-07-11 08:00:00,237.37183379261,-17.1956,-1.8286,27,False,risk_cap,ETH
2020-07-21 04:00:00,241.963416,STRONG_BULL_TREND,LONG,2020-07-22 20:00:00,246.93905400415622,20.0757,2.0564,10,False,risk_cap,ETH
2020-07-23 16:00:00,274.85971199999994,STRONG_BULL_TREND,LONG,2020-08-21 16:00:00,394.5391432476477,335.5355,33.7104,174,True,be_stop,ETH
2020-08-30 12:00:00,417.143448,STRONG_BULL_TREND,LONG,2020-09-02 08:00:00,432.7683001745042,78.1432,5.9465,17,True,be_stop,ETH
2020-10-09 08:00:00,359.3072159999999,TREND,LONG,2020-10-15 08:00:00,371.74807071982536,64.2283,4.8833,36,True,be_stop,ETH
2020-10-21 12:00:00,392.21351999999996,STRONG_BULL_TREND,LONG,2020-10-30 04:00:00,375.8018721302432,-60.6465,-4.1844,52,False,risk_cap,ETH
2020-11-05 12:00:00,414.51134399999995,STRONG_BULL_TREND,LONG,2020-11-26 08:00:00,485.3457184808932,217.6534,15.6389,125,True,be_stop,ETH
2020-11-30 20:00:00,617.1533279999999,STRONG_BULL_TREND,LONG,2020-12-08 08:00:00,573.330968,-113.5062,-7.1007,45,False,risk_cap,ETH
2020-12-13 16:00:00,592.343496,STRONG_BULL_TREND,LONG,2020-12-21 08:00:00,606.154688,67.4764,4.5265,46,True,be_stop,ETH
2020-12-26 16:00:00,645.4959839999999,STRONG_BULL_TREND,LONG,2021-02-22 12:00:00,1619.172512078706,1722.11,110.7618,347,True,be_stop,ETH
2021-03-03 08:00:00,1608.525792,TREND,LONG,2021-03-04 00:00:00,1553.835936,-68.518,-3.4,4,False,ema_exit,ETH
2021-03-08 20:00:00,1834.646544,STRONG_BULL_TREND,LONG,2021-03-22 16:00:00,1736.4697119999998,-167.2645,-5.3513,83,False,risk_cap,ETH
2021-03-29 08:00:00,1765.7014319999998,STRONG_BULL_TREND,LONG,2021-04-18 00:00:00,2018.30046710548,394.2705,13.2894,118,True,be_stop,ETH
2021-04-22 08:00:00,2546.7357599999996,STRONG_BULL_TREND,LONG,2021-05-17 00:00:00,3218.4395261253735,468.6156,22.2058,148,True,be_stop,ETH
2021-07-23 20:00:00,2125.9494,TREND,LONG,2021-07-27 00:00:00,2171.071752,197.334,5.501,19,True,be_stop,ETH
2021-07-30 20:00:00,2463.779448,STRONG_BULL_TREND,LONG,2021-09-07 12:00:00,3324.408451177403,1170.5342,29.4548,232,True,be_stop,ETH
2021-09-15 12:00:00,3500.9385119999997,STRONG_BULL_TREND,LONG,2021-09-19 08:00:00,3323.529048,-257.7329,-5.0675,23,False,ema_exit,ETH
2021-10-01 08:00:00,3238.0783919999994,TREND,LONG,2021-10-10 20:00:00,3411.4886239999996,345.6675,7.5368,57,True,be_stop,ETH
2021-10-14 00:00:00,3645.9143999999997,STRONG_BULL_TREND,LONG,2021-11-16 00:00:00,4306.132336,822.3363,15.9073,198,True,be_stop,ETH
2021-11-16 04:00:00,4315.559687999999,DIP,LONG,2021-11-17 00:00:00,4078.201631884632,-310.0695,-5.5001,5,False,dip_stop,ETH
2021-11-25 12:00:00,4479.230519999999,STRONG_BULL_TREND,LONG,2021-11-26 08:00:00,3982.251648,-627.5664,-11.0952,5,False,risk_cap,ETH
2021-11-30 08:00:00,4594.142376,STRONG_BULL_TREND,LONG,2021-12-03 16:00:00,4225.426952000001,-406.1055,-8.0258,20,False,ema_exit,ETH
2022-02-07 04:00:00,3081.9435839999996,TREND,LONG,2022-02-11 16:00:00,2987.294897021363,-135.9934,-3.0711,27,False,risk_cap,ETH
2022-03-17 12:00:00,2803.5910799999997,TREND,LONG,2022-03-31 16:00:00,3259.814028242792,627.1677,14.5656,85,True,be_stop,ETH
2022-04-19 12:00:00,3113.0084159999997,TREND,LONG,2022-04-20 12:00:00,3065.8453600000003,-73.786,-1.515,6,False,ema_exit,ETH
2022-07-15 16:00:00,1267.343064,TREND,LONG,2022-07-25 16:00:00,1470.9330712557894,801.1678,16.6776,60,True,be_stop,ETH
2022-07-28 12:00:00,1729.6926479999997,STRONG_BULL_TREND,LONG,2022-08-19 04:00:00,1743.234296,148.7261,4.0379,130,True,be_stop,ETH
2022-09-09 04:00:00,1706.293944,TREND,LONG,2022-09-13 12:00:00,1593.17444,-375.15,-6.6295,26,False,risk_cap,ETH
2022-10-25 12:00:00,1409.42664,TREND,LONG,2022-10-25 16:00:00,1425.296635170995,59.9153,1.126,1,False,risk_cap,ETH
2022-10-26 08:00:00,1529.7127919999998,TREND,LONG,2022-11-02 08:00:00,1545.064089575598,53.9408,1.0035,42,False,risk_cap,ETH
2023-01-06 16:00:00,1274.148504,TREND,LONG,2023-01-14 00:00:00,1489.0095626979826,716.4325,13.2095,44,True,be_stop,ETH
2023-01-20 20:00:00,1659.8468159999998,STRONG_BULL_TREND,LONG,2023-01-24 20:00:00,1553.9959572654334,-408.4892,-6.3771,24,False,risk_cap,ETH
2023-01-29 16:00:00,1655.1830879999998,STRONG_BULL_TREND,LONG,2023-01-30 16:00:00,1545.4972298641635,-398.7652,-6.6268,6,False,risk_cap,ETH
2023-02-02 00:00:00,1672.4669039999999,STRONG_BULL_TREND,LONG,2023-02-09 16:00:00,1571.7248430355162,-339.646,-6.0236,46,False,risk_cap,ETH
2023-02-15 16:00:00,1629.8428319999998,TREND,LONG,2023-02-21 20:00:00,1643.9492360015481,43.5884,0.8655,37,False,risk_cap,ETH
2023-03-12 20:00:00,1581.5942639999998,TREND,LONG,2023-03-15 16:00:00,1610.453210359979,92.6096,1.8247,17,False,risk_cap,ETH
2023-03-17 20:00:00,1790.7014159999999,STRONG_BULL_TREND,LONG,2023-04-09 04:00:00,1825.926672226589,190.8368,3.5046,134,True,be_stop,ETH
2023-04-11 00:00:00,1924.758576,STRONG_BULL_TREND,LONG,2023-04-19 08:00:00,1961.1352759481706,207.5225,3.6882,50,True,be_stop,ETH
2023-04-26 12:00:00,1955.4731279999999,STRONG_BULL_TREND,LONG,2023-04-26 16:00:00,1827.277008,-381.7938,-6.5558,1,False,ema_exit,ETH
2023-06-20 20:00:00,1793.4235919999999,TREND,LONG,2023-06-28 04:00:00,1849.5192,222.7745,4.3059,44,True,ema_exit,ETH
2023-07-13 12:00:00,1934.3462399999999,STRONG_BULL_TREND,LONG,2023-07-17 08:00:00,1908.5619279999999,-75.6159,-1.333,23,False,risk_cap,ETH
2023-09-18 12:00:00,1654.0357119999999,SHORT_RIP,SHORT,2023-09-20 08:00:00,1627.5370279622289,85.0071,1.6021,11,False,rip_target,ETH
2023-09-28 12:00:00,1653.9020639999999,TREND,LONG,2023-10-01 20:00:00,1680.7208454182644,87.2815,1.6215,20,False,risk_cap,ETH
2023-10-21 16:00:00,1636.498152,TREND,LONG,2023-10-28 20:00:00,1770.9215320429253,437.5919,8.0128,43,True,be_stop,ETH
2023-11-01 16:00:00,1837.36872,STRONG_BULL_TREND,LONG,2023-11-17 12:00:00,1916.81532,332.5242,5.3804,95,True,be_stop,ETH
2023-11-22 16:00:00,2078.6315759999998,STRONG_BULL_TREND,LONG,2023-12-11 00:00:00,2166.404364614932,297.5352,4.5802,110,True,be_stop,ETH
2023-12-22 08:00:00,2314.880424,STRONG_BULL_TREND,LONG,2023-12-26 16:00:00,2200.882382557736,-333.8287,-4.9246,26,False,risk_cap,ETH
2023-12-27 20:00:00,2380.2526799999996,STRONG_BULL_TREND,LONG,2023-12-31 20:00:00,2257.8848169451594,-332.1931,-5.141,24,False,risk_cap,ETH
2024-01-08 16:00:00,2356.443648,TREND,LONG,2024-01-09 12:00:00,2255.3742559999996,-249.7364,-4.2891,5,False,ema_exit,ETH
2024-01-10 08:00:00,2404.1317679999997,STRONG_BULL_TREND,LONG,2024-01-12 20:00:00,2481.0634364019866,348.401,5.8962,15,True,be_stop,ETH
2024-01-30 16:00:00,2376.8299439999996,TREND,LONG,2024-01-31 08:00:00,2298.3398559999996,-195.2132,-3.3023,4,False,ema_exit,ETH
2024-02-07 16:00:00,2421.895968,TREND,LONG,2024-02-28 16:00:00,3221.0751191452905,1441.2599,25.1277,126,True,be_stop,ETH
2024-02-29 08:00:00,3516.681096,STRONG_BULL_TREND,LONG,2024-03-05 16:00:00,3218.2629946597563,-629.9497,-8.4858,32,False,risk_cap,ETH
2024-03-06 08:00:00,3882.8437919999997,STRONG_BULL_TREND,LONG,2024-03-16 20:00:00,3506.747184071922,-417.5306,-9.6861,63,False,risk_cap,ETH
2024-03-25 16:00:00,3641.8711679999997,STRONG_BULL_TREND,LONG,2024-04-01 12:00:00,3441.284768,-354.0668,-5.5078,41,False,ema_exit,ETH
2024-04-07 20:00:00,3456.9633599999997,TREND,LONG,2024-04-09 12:00:00,3477.6512894487296,34.539,0.5984,10,False,risk_cap,ETH
2024-04-28 00:00:00,3311.5170959999996,TREND,LONG,2024-04-29 00:00:00,3175.0579199999997,-239.1088,-4.1207,6,False,ema_exit,ETH
2024-05-17 12:00:00,3114.029232,TREND,LONG,2024-05-20 16:00:00,3236.0084696057884,218.862,3.9171,19,False,risk_cap,ETH
2024-05-20 20:00:00,3664.7094239999997,TREND,LONG,2024-05-23 20:00:00,3516.927148925328,-233.2581,-4.0326,18,False,risk_cap,ETH
2024-05-27 12:00:00,3966.5607119999995,STRONG_BULL_TREND,LONG,2024-05-30 04:00:00,3717.3437440000002,-369.6949,-6.2829,16,False,risk_cap,ETH
2024-06-05 16:00:00,3879.6412319999995,STRONG_BULL_TREND,LONG,2024-06-07 16:00:00,3683.8118224744253,-279.279,-5.0476,12,False,risk_cap,ETH
2024-07-15 00:00:00,3332.0334959999996,TREND,LONG,2024-07-23 16:00:00,3396.2206686418895,164.4851,3.2961,52,True,be_stop,ETH
2024-09-20 04:00:00,2563.0487999999996,TREND,LONG,2024-09-25 20:00:00,2557.1405877721954,-11.8447,-0.2305,34,False,risk_cap,ETH
2024-10-14 12:00:00,2637.5783759999995,TREND,LONG,2024-10-22 00:00:00,2642.444352,9.4599,0.1845,45,False,risk_cap,ETH
2024-10-28 20:00:00,2569.5339839999997,TREND,LONG,2024-10-31 12:00:00,2560.809712,-17.4389,-0.3395,16,False,risk_cap,ETH
2024-11-06 16:00:00,2689.3997999999997,TREND,LONG,2024-11-14 12:00:00,3075.2178559999998,675.123,13.1846,47,True,be_stop,ETH
2024-11-21 12:00:00,3279.651624,STRONG_BULL_TREND,LONG,2024-12-09 20:00:00,3596.4871170078964,623.9419,10.3193,110,True,be_stop,ETH
2024-12-16 16:00:00,4060.1255039999996,STRONG_BULL_TREND,LONG,2024-12-18 16:00:00,3767.273768,-478.8709,-7.2129,12,False,risk_cap,ETH
2025-01-03 16:00:00,3625.7282639999994,TREND,LONG,2025-01-07 12:00:00,3459.8698879999997,-268.0054,-4.5745,23,False,risk_cap,ETH
2025-03-19 16:00:00,2029.4351519999998,SHORT_RIP,SHORT,2025-03-20 16:00:00,1958.4630678239407,196.4515,3.4971,6,False,rip_target,ETH
2025-03-24 12:00:00,2088.098184,SHORT_RIP,SHORT,2025-03-26 12:00:00,2031.2024523789128,157.8811,2.7248,12,False,rip_target,ETH
2025-05-08 00:00:00,1902.6208799999997,STRONG_BULL_TREND,LONG,2025-05-18 20:00:00,2322.9801404692166,1172.7549,18.7156,65,True,be_stop,ETH
2025-05-22 00:00:00,2631.3433919999998,STRONG_BULL_TREND,LONG,2025-06-01 00:00:00,2511.28936,-212.6678,-4.5625,60,False,risk_cap,ETH
2025-06-04 12:00:00,2670.0643439999994,STRONG_BULL_TREND,LONG,2025-06-05 20:00:00,2412.0787920000002,-693.5759,-9.6621,8,False,risk_cap,ETH
2025-06-10 08:00:00,2775.8589119999997,STRONG_BULL_TREND,LONG,2025-06-13 00:00:00,2512.3185359999998,-618.9509,-9.494,16,False,risk_cap,ETH
2025-06-26 00:00:00,2490.771024,TREND,LONG,2025-06-26 20:00:00,2414.027232,-173.1347,-3.0811,5,False,ema_exit,ETH
2025-07-09 12:00:00,2658.9554639999997,TREND,LONG,2025-07-23 16:00:00,3566.395897492166,1460.3241,26.7293,85,True,be_stop,ETH
2025-08-07 08:00:00,3830.0615999999995,STRONG_BULL_TREND,LONG,2025-08-18 04:00:00,4236.940729278006,733.0948,10.247,65,True,be_stop,ETH
2025-08-22 12:00:00,4619.772864,STRONG_BULL_TREND,LONG,2025-08-29 04:00:00,4377.525175999999,-411.6656,-5.2437,40,False,risk_cap,ETH
2025-09-12 16:00:00,4660.905744,TREND,LONG,2025-09-15 08:00:00,4527.025479999999,-202.9919,-2.8724,16,False,risk_cap,ETH
2025-10-01 08:00:00,4301.638559999999,TREND,LONG,2025-10-07 16:00:00,4466.508708605505,327.6933,4.76,38,True,be_stop,ETH
2025-10-26 20:00:00,4161.786768,TREND,LONG,2025-10-28 20:00:00,3976.01664,-320.4582,-4.4637,12,False,risk_cap,ETH
2026-01-02 12:00:00,3089.1093119999996,TREND,LONG,2026-01-07 12:00:00,3143.4664052030103,213.2097,3.0941,30,True,be_stop,ETH
2026-01-13 20:00:00,3328.4806559999997,STRONG_BULL_TREND,LONG,2026-01-19 20:00:00,3182.099164830396,-328.7895,-4.3978,36,False,risk_cap,ETH
2026-02-25 20:00:00,2055.834016,SHORT_RIP,SHORT,2026-02-27 08:00:00,1965.5472558867618,298.0562,4.3917,9,False,rip_target,ETH
2026-03-16 00:00:00,2237.458536,TREND,LONG,2026-03-18 12:00:00,2185.9098719999997,-162.5398,-2.3039,15,False,risk_cap,ETH
2026-04-01 04:00:00,2132.7048,TREND,LONG,2026-04-02 00:00:00,2054.684936,-252.7388,-3.6583,5,False,ema_exit,ETH
2026-04-07 20:00:00,2241.802008,TREND,LONG,2026-04-12 08:00:00,2195.8965278526844,-136.8123,-2.0477,27,False,risk_cap,ETH
2026-04-13 20:00:00,2371.355568,STRONG_BULL_TREND,LONG,2026-04-19 20:00:00,2255.695950902861,-337.6337,-4.8774,36,False,risk_cap,ETH
2026-05-04 00:00:00,2387.0280959999996,STRONG_BULL_TREND,LONG,2026-05-08 00:00:00,2272.1235150724906,-317.7872,-4.8137,24,False,risk_cap,ETH
2026-06-15 16:00:00,1820.4324880000001,SHORT_RIP,SHORT,2026-06-16 04:00:00,1765.2972609266867,180.7595,3.0287,3,False,rip_target,ETH
2026-07-03 08:00:00,1743.934032,TREND,LONG,2026-07-08 08:00:00,1725.9799751281523,-63.1188,-1.0295,30,False,risk_cap,ETH
2026-07-14 12:00:00,1876.7201759999998,STRONG_BULL_TREND,LONG,2026-07-27 20:00:00,1891.015976,133.744,2.086,80,True,be_stop,ETH
2026-08-05 16:00:00,1918.563624,STRONG_BULL_TREND,LONG,2026-08-11 12:00:00,1861.249808,-195.3304,-2.9873,35,False,ema_exit,ETH
2026-08-19 12:00:00,2087.4986639999997,STRONG_BULL_TREND,LONG,2026-08-24 20:00:00,2468.963248,987.5601,15.5446,32,True,end_of_test,ETH
2020-11-07 00:00:00,2.1414117599999996,TREND,LONG,2020-11-11 20:00:00,1.9880402300822004,-64.4595,-7.1622,29,False,risk_cap,SOL
2020-11-21 12:00:00,2.3969159999999996,STRONG_BULL_TREND,LONG,2020-11-26 00:00:00,1.9344511999999998,-171.4794,-19.2942,27,False,ema_exit,SOL
2020-12-29 16:00:00,1.6528211999999998,TREND,LONG,2020-12-31 12:00:00,1.4303389241593625,-92.5636,-13.4608,11,False,risk_cap,SOL
2021-01-02 16:00:00,1.9191340799999999,TREND,LONG,2021-01-15 12:00:00,3.09811952,389.903,64.5163,77,True,ema_exit,SOL
2021-01-25 16:00:00,3.8961143999999996,STRONG_BULL_TREND,LONG,2021-02-28 12:00:00,11.51097449339706,1445.5136,143.3571,203,True,be_stop,SOL
2021-03-09 12:00:00,14.679734399999997,STRONG_BULL_TREND,LONG,2021-03-17 04:00:00,13.363423795192153,-213.5518,-8.9669,46,False,risk_cap,SOL
2021-03-20 08:00:00,14.81264064,STRONG_BULL_TREND,LONG,2021-03-25 08:00:00,13.100910879999999,-251.7671,-11.5559,30,False,ema_exit,SOL
2021-03-27 20:00:00,16.47206712,STRONG_BULL_TREND,LONG,2021-04-18 00:00:00,21.445095435925296,544.9294,28.0962,127,True,be_stop,SOL
2021-04-18 16:00:00,30.224159999999998,STRONG_BULL_TREND,LONG,2021-05-19 12:00:00,36.435666763071815,708.2836,28.8248,185,True,be_stop,SOL
2021-06-03 12:00:00,38.51979119999999,TREND,LONG,2021-06-08 00:00:00,37.4889848,-79.3535,-2.676,27,False,ema_exit,SOL
2021-06-29 12:00:00,35.308223999999996,TREND,LONG,2021-06-30 12:00:00,31.897461599999996,-279.5506,-9.66,6,False,ema_exit,SOL
2021-07-30 00:00:00,32.777200799999996,TREND,LONG,2021-08-25 08:00:00,67.59284604137586,2119.272,80.2052,158,True,be_stop,SOL
2021-08-27 00:00:00,81.46512,STRONG_BULL_TREND,LONG,2021-09-16 12:00:00,154.67616,3357.3694,69.91,123,True,be_stop,SOL
2021-10-01 08:00:00,153.38260799999998,STRONG_BULL_TREND,LONG,2021-10-11 16:00:00,141.466736,-620.8701,-7.7687,62,False,risk_cap,SOL
2021-10-20 12:00:00,168.874992,STRONG_BULL_TREND,LONG,2021-10-27 08:00:00,177.60235961088713,704.6302,9.5193,41,True,be_stop,SOL
2021-11-02 16:00:00,217.40378399999997,STRONG_BULL_TREND,LONG,2021-11-10 20:00:00,225.64288273546606,652.0979,8.079,49,True,be_stop,SOL
2021-11-21 16:00:00,229.02307199999998,STRONG_BULL_TREND,LONG,2021-11-24 12:00:00,212.170128,-639.5367,-7.3586,17,False,ema_exit,SOL
2021-12-01 04:00:00,218.59473599999995,TREND,LONG,2021-12-03 16:00:00,212.5798,-210.7199,-2.7516,15,False,ema_exit,SOL
2022-02-01 16:00:00,107.803688,SHORT_RIP,SHORT,2022-02-02 20:00:00,98.33910267482179,655.6795,8.7795,7,False,rip_target,SOL
2022-03-02 00:00:00,104.32339199999998,TREND,LONG,2022-03-04 00:00:00,91.486752,-991.5642,-12.3047,12,False,ema_exit,SOL
2022-03-19 12:00:00,94.12523999999999,TREND,LONG,2022-04-06 00:00:00,123.591048,1848.7911,25.7994,105,True,be_stop,SOL
2022-04-20 08:00:00,110.50833599999999,TREND,LONG,2022-04-21 16:00:00,104.206568,-503.5302,-5.7025,8,False,ema_exit,SOL
2022-07-07 12:00:00,38.320631999999996,TREND,LONG,2022-07-11 00:00:00,35.48897189838361,-618.9921,-7.3894,21,False,risk_cap,SOL
2022-07-15 16:00:00,38.851056,TREND,LONG,2022-07-21 00:00:00,39.987984000000004,662.9801,8.4784,32,True,be_stop,SOL
2022-07-28 16:00:00,42.153696,STRONG_BULL_TREND,LONG,2022-08-02 20:00:00,39.758168,-504.86,-5.6828,31,False,ema_exit,SOL
2022-08-08 00:00:00,41.963544,STRONG_BULL_TREND,LONG,2022-08-10 00:00:00,39.248576,-543.7447,-6.4698,12,False,ema_exit,SOL
2022-08-11 00:00:00,43.855056,STRONG_BULL_TREND,LONG,2022-08-17 12:00:00,41.077112,-499.6404,-6.3344,39,False,ema_exit,SOL
2022-09-09 04:00:00,35.408304,TREND,LONG,2022-09-13 12:00:00,34.70221599999999,-140.0466,-1.9941,26,False,ema_exit,SOL
2022-10-25 16:00:00,31.525199999999998,TREND,LONG,2022-11-02 04:00:00,31.704616,39.2516,0.5691,45,False,ema_exit,SOL
2022-11-05 00:00:00,34.727759999999996,TREND,LONG,2022-11-06 16:00:00,33.92632740067368,-159.9789,-2.3078,10,False,risk_cap,SOL
2022-12-14 16:00:00,14.28856,SHORT_RIP,SHORT,2022-12-16 08:00:00,13.677472251763302,290.317,4.2768,10,False,rip_target,SOL
2023-01-02 08:00:00,11.001192,SHORT_RIP,SHORT,2023-01-03 04:00:00,11.959559999999998,-614.1191,-8.7115,5,False,rip_stop,SOL
2023-01-03 12:00:00,13.100471999999998,TREND,LONG,2023-01-09 00:00:00,14.488018058234067,688.1155,10.5916,33,False,risk_cap,SOL
2023-01-09 12:00:00,17.143703999999996,STRONG_BULL_TREND,LONG,2023-02-06 04:00:00,22.95521870627492,2360.702,31.428,166,True,be_stop,SOL
2023-02-15 20:00:00,23.879087999999996,TREND,LONG,2023-02-22 04:00:00,23.501530877812037,-146.1075,-1.5811,38,False,risk_cap,SOL
2023-03-14 12:00:00,21.927528,TREND,LONG,2023-03-15 12:00:00,19.224607999999996,-1122.8626,-12.3266,6,False,ema_exit,SOL
2023-03-18 00:00:00,22.658112,TREND,LONG,2023-03-22 16:00:00,21.08312,-562.949,-6.9511,28,False,ema_exit,SOL
2023-04-11 00:00:00,21.287015999999998,TREND,LONG,2023-04-19 08:00:00,22.922011704456597,633.8863,8.3494,50,True,be_stop,SOL
2023-04-26 08:00:00,22.477968,STRONG_BULL_TREND,LONG,2023-04-26 16:00:00,21.073128,-538.4874,-6.2499,2,False,ema_exit,SOL
2023-04-28 16:00:00,23.328647999999998,STRONG_BULL_TREND,LONG,2023-05-01 00:00:00,22.162256,-405.2079,-4.9998,14,False,ema_exit,SOL
2023-05-29 00:00:00,20.683439999999997,SHORT_RIP,SHORT,2023-06-02 20:00:00,21.37877228573531,-245.8539,-3.3618,29,False,rip_stop,SOL
2023-06-04 12:00:00,22.067639999999997,TREND,LONG,2023-06-05 12:00:00,19.914056,-692.1027,-9.759,6,False,risk_cap,SOL
2023-06-30 00:00:00,18.965159999999997,TREND,LONG,2023-07-13 12:00:00,22.388551698526573,1176.8288,18.1917,81,True,be_stop,SOL
2023-07-13 16:00:00,26.220959999999998,STRONG_BULL_TREND,LONG,2023-07-14 12:00:00,27.541605251661494,806.4156,10.1482,5,True,be_stop,SOL
2023-08-08 12:00:00,23.748984,STRONG_BULL_TREND,LONG,2023-08-16 04:00:00,23.43124,-116.567,-1.3379,46,False,ema_exit,SOL
2023-09-19 08:00:00,20.226167999999998,TREND,LONG,2023-09-21 20:00:00,19.444432,-314.9586,-3.865,15,False,ema_exit,SOL
2023-09-29 00:00:00,20.21616,TREND,LONG,2023-10-01 08:00:00,22.083180454591528,726.4096,9.2353,14,False,risk_cap,SOL
2023-10-16 04:00:00,22.838255999999998,STRONG_BULL_TREND,LONG,2023-11-26 08:00:00,57.813711999999995,9924.2197,110.3592,247,True,be_stop,SOL
2023-11-29 08:00:00,60.688511999999996,STRONG_BULL_TREND,LONG,2024-01-03 12:00:00,93.67138791895101,8023.441,43.5567,211,True,be_stop,SOL
2024-01-28 00:00:00,96.72731999999999,TREND,LONG,2024-02-01 00:00:00,93.33836421557656,-864.4214,-3.5036,24,False,risk_cap,SOL
2024-02-08 00:00:00,101.85141599999999,TREND,LONG,2024-02-16 12:00:00,109.582264,2102.5813,8.7995,51,True,ema_exit,SOL
2024-02-26 16:00:00,109.77775199999999,STRONG_BULL_TREND,LONG,2024-03-05 16:00:00,116.86820592800446,2674.9492,9.8274,48,True,be_stop,SOL
2024-03-07 12:00:00,146.026728,STRONG_BULL_TREND,LONG,2024-04-05 08:00:00,169.624192,3072.3319,16.3456,173,True,be_stop,SOL
2024-05-16 00:00:00,163.240488,TREND,LONG,2024-05-23 16:00:00,170.78326399999997,2194.5254,7.0885,46,True,ema_exit,SOL
2024-06-05 00:00:00,173.108376,STRONG_BULL_TREND,LONG,2024-06-07 16:00:00,160.32800930321142,-2566.5736,-7.3829,16,False,risk_cap,SOL
2024-07-02 16:00:00,152.912232,TREND,LONG,2024-07-03 12:00:00,141.566656,-2272.2209,-7.4197,5,False,ema_exit,SOL
2024-07-15 04:00:00,153.35258399999998,TREND,LONG,2024-07-25 04:00:00,169.26448,3117.2294,10.9073,60,True,ema_exit,SOL
2024-07-29 00:00:00,192.4038,STRONG_BULL_TREND,LONG,2024-07-30 16:00:00,176.61731371920388,-2718.144,-8.2049,10,False,risk_cap,SOL
2024-08-08 12:00:00,160.72848,TREND,LONG,2024-08-09 12:00:00,151.009096,-1166.6226,-6.0471,6,False,ema_exit,SOL
2024-08-24 08:00:00,157.465872,TREND,LONG,2024-08-27 20:00:00,146.67256799999998,-1911.5843,-6.8544,21,False,risk_cap,SOL
2024-09-19 12:00:00,143.074368,TREND,LONG,2024-09-30 20:00:00,152.368008,1993.6248,7.6185,68,True,ema_exit,SOL
2024-10-07 00:00:00,150.05995199999998,STRONG_BULL_TREND,LONG,2024-10-07 20:00:00,143.844832,-1222.4739,-4.1418,5,False,ema_exit,SOL
2024-10-14 00:00:00,152.63200799999998,STRONG_BULL_TREND,LONG,2024-11-03 12:00:00,159.4640999932849,1610.4241,5.6796,123,True,be_stop,SOL
2024-11-06 00:00:00,185.08795199999997,STRONG_BULL_TREND,LONG,2024-12-02 00:00:00,228.28722399999998,5982.0033,20.0172,156,True,be_stop,SOL
2025-01-03 08:00:00,214.68160799999998,TREND,LONG,2025-01-07 12:00:00,206.9079431180174,-1220.1143,-3.621,25,False,risk_cap,SOL
2025-01-15 16:00:00,202.06152,TREND,LONG,2025-01-20 00:00:00,230.8549050195816,4759.9445,14.6023,26,True,be_stop,SOL
2025-03-24 12:00:00,143.1354,SHORT_RIP,SHORT,2025-03-26 16:00:00,137.13642200880585,1545.7342,4.1911,13,False,rip_target,SOL
2025-04-12 12:00:00,130.574376,TREND,LONG,2025-04-28 00:00:00,145.16114342687658,4244.3417,11.0898,93,True,be_stop,SOL
2025-05-08 00:00:00,150.99069599999999,STRONG_BULL_TREND,LONG,2025-05-30 00:00:00,163.50435479833496,3932.4385,8.8507,132,True,be_stop,SOL
2025-06-09 20:00:00,161.28892799999997,TREND,LONG,2025-06-12 08:00:00,157.59382399999998,-1045.4088,-2.291,15,False,ema_exit,SOL
2025-06-29 20:00:00,153.44265599999997,TREND,LONG,2025-07-01 12:00:00,146.97445807925942,-1883.8789,-4.2154,10,False,risk_cap,SOL
2025-07-09 16:00:00,157.395816,TREND,LONG,2025-07-24 04:00:00,182.42857840344374,6109.179,14.209,87,True,be_stop,SOL
2025-08-07 08:00:00,172.95825599999998,TREND,LONG,2025-08-11 20:00:00,174.700128,488.379,1.0071,27,False,ema_exit,SOL
2025-08-12 16:00:00,190.79251199999996,STRONG_BULL_TREND,LONG,2025-08-18 08:00:00,180.64454734479895,-2747.2577,-5.3188,34,False,risk_cap,SOL
2025-08-22 16:00:00,199.12917599999997,STRONG_BULL_TREND,LONG,2025-09-22 04:00:00,221.702496,5072.435,10.3432,183,True,be_stop,SOL
2025-10-01 08:00:00,217.92419999999998,TREND,LONG,2025-10-07 12:00:00,222.8953458658143,2191.477,4.2949,37,True,be_stop,SOL
2025-10-27 00:00:00,204.493464,TREND,LONG,2025-10-28 20:00:00,193.99468,-2720.9333,-5.134,11,False,ema_exit,SOL
2026-01-04 00:00:00,134.72769599999998,TREND,LONG,2026-01-16 12:00:00,140.667376,2966.3201,5.8682,75,True,ema_exit,SOL
2026-02-25 20:00:00,87.989552,SHORT_RIP,SHORT,2026-02-27 08:00:00,83.8085366194531,2528.8029,4.7517,9,False,rip_target,SOL
2026-03-16 16:00:00,95.28616799999999,TREND,LONG,2026-03-18 12:00:00,89.29850400000001,-3487.2133,-6.2839,11,False,risk_cap,SOL
2026-04-16 16:00:00,90.17207999999998,TREND,LONG,2026-04-19 00:00:00,85.53151999999999,-2694.4238,-5.1463,14,False,ema_exit,SOL
2026-05-06 08:00:00,89.941896,TREND,LONG,2026-05-13 12:00:00,90.357656,1203.6853,2.4107,43,True,be_stop,SOL
2026-07-02 08:00:00,82.44590399999998,TREND,LONG,2026-07-08 00:00:00,78.667016,-2338.236,-4.5835,34,False,ema_exit,SOL
2026-07-21 04:00:00,78.62284799999999,STRONG_BULL_TREND,LONG,2026-07-23 12:00:00,76.32888799999999,-1506.317,-2.9177,14,False,ema_exit,SOL
2026-08-09 12:00:00,77.491944,TREND,LONG,2026-08-11 12:00:00,74.870056,-1608.9704,-3.3834,12,False,ema_exit,SOL
2026-08-19 12:00:00,81.89546399999999,STRONG_BULL_TREND,LONG,2026-08-24 20:00:00,96.093064,7070.2061,14.5275,32,True,end_of_test,SOL
