Asset,Start,End,Days,V14 (%),B&H (%),V14 DD %,BH DD %,Hyb50 (%),Hyb50 α pp,Hyb50 DD %,Hyb50 beats,Hyb70 (%),Hyb70 α pp,Hyb70 DD %,Hyb70 beats
BTC,2019-12-14,2020-12-14,366,49.15,164.14,-30.52,-56.01,106.65,-57.49,-34.18,0,129.65,-34.49,-43.31,0
BTC,2020-03-14,2021-03-14,365,157.77,999.83,-30.52,-26.56,578.8,-421.03,-23.88,0,747.21,-252.62,-25.2,0
BTC,2020-06-14,2021-06-14,365,103.81,320.15,-28.43,-50.85,211.98,-108.17,-42.3,0,255.25,-64.9,-46.52,0
BTC,2020-09-14,2021-09-14,365,158.79,339.64,-25.67,-54.12,249.22,-90.42,-42.92,0,285.39,-54.25,-48.25,0
BTC,2020-12-14,2021-12-14,365,67.39,145.36,-25.67,-54.12,106.38,-38.98,-41.34,0,121.97,-23.39,-47.2,0
BTC,2021-03-14,2022-03-14,365,-8.91,-35.4,-23.41,-54.12,-22.16,13.24,-36.31,1,-27.45,7.95,-43.36,1
BTC,2021-06-14,2022-06-14,365,-2.13,-42.16,-26.75,-67.69,-22.14,20.02,-49.18,1,-30.15,12.01,-56.75,1
BTC,2021-09-14,2022-09-14,365,-15.15,-55.72,-30.17,-73.62,-35.44,20.28,-52.37,1,-43.55,12.17,-60.84,1
BTC,2021-12-14,2022-12-14,365,-15.41,-62.11,-25.56,-69.44,-38.76,23.35,-43.65,1,-48.1,14.01,-54.24,1
BTC,2022-03-14,2023-03-14,365,10.68,-37.95,-21.01,-67.21,-13.63,24.32,-44.02,1,-23.36,14.59,-53.66,1
BTC,2022-06-14,2023-06-14,365,15.41,13.2,-17.59,-36.79,14.31,1.11,-24.36,1,13.86,0.66,-29.14,1
BTC,2022-09-14,2023-09-14,365,18.89,30.14,-11.39,-26.68,24.51,-5.63,-15.43,0,26.76,-3.38,-19.15,0
BTC,2022-12-14,2023-12-14,365,30.21,140.92,-15.11,-21.19,85.57,-55.35,-15.67,0,107.71,-33.21,-17.66,0
BTC,2023-03-14,2024-03-14,366,23.34,201.98,-26.42,-20.84,112.66,-89.32,-16.35,0,148.39,-53.59,-17.54,0
BTC,2023-06-14,2024-06-14,366,4.93,158.34,-26.42,-22.45,81.64,-76.7,-21.7,0,112.32,-46.02,-22.06,0
BTC,2023-09-14,2024-09-14,366,5.72,128.28,-26.42,-30.01,67.0,-61.28,-26.59,0,91.51,-36.77,-28.21,0
BTC,2023-12-14,2024-12-14,366,21.66,137.36,-21.44,-30.01,79.51,-57.85,-25.54,0,102.65,-34.71,-27.49,0
BTC,2024-03-14,2025-03-14,365,7.0,12.22,-17.22,-29.89,9.61,-2.61,-20.35,0,10.65,-1.57,-23.17,0
BTC,2024-06-14,2025-06-14,365,8.61,57.05,-23.7,-30.64,32.83,-24.22,-25.23,0,42.52,-14.53,-26.0,0
BTC,2024-09-14,2025-09-14,365,17.79,92.57,-23.7,-30.64,55.18,-37.39,-25.32,0,70.13,-22.44,-26.33,0
BTC,2024-12-14,2025-12-14,365,-1.7,-11.37,-15.29,-34.37,-6.53,4.84,-22.32,1,-8.47,2.9,-26.39,1
BTC,2025-03-14,2026-03-14,365,1.17,-14.09,-11.7,-49.84,-6.46,7.63,-31.1,1,-9.51,4.58,-39.31,1
BTC,2025-06-14,2026-06-14,365,1.33,-38.68,-11.37,-51.92,-18.68,20.0,-32.08,1,-26.68,12.0,-40.12,1
ETH,2020-02-24,2021-02-24,366,225.88,520.54,-22.99,-61.12,373.21,-147.33,-34.88,0,432.14,-88.4,-45.37,0
ETH,2020-05-24,2021-05-24,365,299.72,1120.78,-27.55,-55.58,710.25,-410.53,-48.79,0,874.46,-246.32,-52.31,0
ETH,2020-08-24,2021-08-24,365,274.2,696.71,-27.55,-60.1,485.45,-211.26,-50.28,0,569.96,-126.75,-55.2,0
ETH,2020-11-24,2021-11-24,365,265.27,600.6,-27.55,-60.1,432.93,-167.67,-48.42,0,500.0,-100.6,-54.09,0
ETH,2021-02-24,2022-02-24,365,47.37,47.86,-32.14,-60.1,47.61,-0.25,-45.64,0,47.71,-0.15,-52.28,0
ETH,2021-05-24,2022-05-24,365,38.7,-21.78,-32.72,-60.49,8.46,30.24,-42.87,1,-3.63,18.15,-50.03,1
ETH,2021-08-24,2022-08-24,365,19.79,-47.58,-32.72,-81.12,-13.89,33.69,-54.36,1,-27.37,20.21,-65.43,1
ETH,2021-11-24,2022-11-24,365,1.21,-71.89,-21.09,-80.8,-35.34,36.55,-46.39,1,-49.96,21.93,-60.51,1
ETH,2022-02-24,2023-02-24,365,17.87,-34.71,-17.23,-74.05,-8.42,26.29,-42.5,1,-18.93,15.78,-55.71,1
ETH,2022-05-24,2023-05-24,365,5.91,-8.63,-19.03,-54.57,-1.36,7.27,-27.64,1,-4.27,4.36,-38.49,1
ETH,2022-08-24,2023-08-24,365,-7.79,-2.38,-19.03,-38.82,-5.08,-2.7,-23.28,0,-4.0,-1.62,-29.53,0
ETH,2022-11-24,2023-11-24,365,8.93,77.07,-19.03,-27.71,43.0,-34.07,-21.14,0,56.63,-20.44,-23.98,0
ETH,2023-02-24,2024-02-24,365,21.79,84.38,-20.82,-27.71,53.08,-31.3,-19.71,0,65.6,-18.78,-22.88,0
ETH,2023-05-24,2024-05-24,366,2.05,105.96,-26.93,-29.4,54.01,-51.95,-24.83,0,74.79,-31.17,-26.88,0
ETH,2023-08-24,2024-08-24,366,-8.28,68.01,-33.85,-43.65,29.86,-38.15,-36.86,0,45.12,-22.89,-40.08,0
ETH,2023-11-24,2024-11-24,366,-7.04,55.66,-33.85,-45.32,24.31,-31.35,-37.44,0,36.85,-18.81,-40.95,0
ETH,2024-02-24,2025-02-24,366,-18.42,-10.04,-33.85,-45.32,-14.23,-4.19,-36.87,0,-12.55,-2.51,-40.02,0
ETH,2024-05-24,2025-05-24,365,14.2,-30.81,-21.09,-65.12,-8.3,22.51,-41.64,1,-17.31,13.5,-50.66,1
ETH,2024-08-24,2025-08-24,365,39.56,73.78,-32.59,-65.12,56.67,-17.11,-43.95,0,63.52,-10.26,-52.62,0
ETH,2024-11-24,2025-11-24,365,5.27,-13.6,-32.59,-65.12,-4.16,9.44,-43.31,1,-7.94,5.66,-52.27,1
ETH,2025-02-24,2026-02-24,365,14.3,-30.51,-32.59,-62.22,-8.1,22.41,-42.95,1,-17.07,13.44,-50.99,1
ETH,2025-05-24,2026-05-24,365,-21.21,-17.99,-31.49,-62.22,-19.6,-1.61,-47.59,0,-18.96,-0.97,-52.83,0
ETH,2025-08-24,2026-08-24,365,-5.0,-48.15,-25.39,-67.9,-26.58,21.57,-44.3,1,-35.2,12.95,-53.3,1
SOL,2020-10-04,2021-10-04,365,1068.34,6679.36,-46.26,-60.62,3873.85,-2805.51,-54.42,0,4996.05,-1683.31,-57.64,0
SOL,2021-01-04,2022-01-04,365,1005.84,7457.71,-46.26,-60.62,4231.77,-3225.94,-54.46,0,5522.15,-1935.56,-57.66,0
SOL,2021-04-04,2022-04-04,365,233.25,422.66,-41.51,-70.0,327.99,-94.67,-58.88,0,365.87,-56.79,-64.17,0
SOL,2021-07-04,2022-07-04,365,207.52,-1.71,-41.51,-89.61,102.91,104.62,-65.32,1,61.06,62.77,-76.77,1
SOL,2021-10-04,2022-10-04,365,-11.56,-79.47,-32.91,-89.61,-45.52,33.95,-62.35,1,-59.1,20.37,-73.23,1
SOL,2022-01-04,2023-01-04,365,-14.26,-92.24,-30.65,-94.9,-53.25,38.99,-55.33,1,-68.85,23.39,-71.16,1
SOL,2022-04-04,2023-04-04,365,-9.43,-83.87,-28.35,-93.47,-46.65,37.22,-58.99,1,-61.54,22.33,-72.94,1
SOL,2022-07-04,2023-07-04,365,-9.82,-42.16,-37.12,-81.59,-25.99,16.17,-56.69,1,-32.46,9.7,-67.04,1
SOL,2022-10-04,2023-10-04,365,36.7,-33.6,-37.12,-76.4,1.55,35.15,-42.53,1,-12.51,21.09,-56.15,1
SOL,2023-01-04,2024-01-04,365,307.96,675.9,-37.12,-45.67,491.93,-183.97,-40.8,0,565.52,-110.38,-42.7,0
SOL,2023-04-04,2024-04-04,366,396.93,796.4,-27.0,-44.13,596.67,-199.73,-33.35,0,676.56,-119.84,-37.74,0
SOL,2023-07-04,2024-07-04,366,314.19,582.46,-27.0,-42.05,448.32,-134.14,-32.73,0,501.98,-80.48,-37.12,0
SOL,2023-10-04,2024-10-04,366,254.66,527.72,-27.38,-44.27,391.19,-136.53,-36.07,0,445.8,-81.92,-39.93,0
SOL,2024-01-04,2025-01-04,366,34.19,106.75,-27.38,-44.27,70.47,-36.28,-34.68,0,84.99,-21.76,-38.53,0
SOL,2024-04-04,2025-04-04,365,20.33,-36.57,-25.11,-60.12,-8.12,28.45,-37.83,1,-19.5,17.07,-47.01,1
SOL,2024-07-04,2025-07-04,365,44.8,8.25,-21.21,-66.06,26.53,18.28,-44.12,1,19.22,10.97,-53.73,1
SOL,2024-10-04,2025-10-04,365,75.59,57.89,-17.63,-66.06,66.74,8.85,-43.18,1,63.2,5.31,-53.03,1
SOL,2025-01-04,2026-01-04,365,35.45,-37.05,-17.63,-66.06,-0.8,36.25,-40.75,1,-15.3,21.75,-51.13,1
SOL,2025-04-04,2026-04-04,365,26.06,-31.62,-17.63,-69.11,-2.78,28.84,-45.57,1,-14.31,17.31,-55.69,1
SOL,2025-07-04,2026-07-04,365,10.32,-43.9,-18.07,-75.18,-16.79,27.11,-48.89,1,-27.63,16.27,-60.21,1
